date,weighted_avg_sentiment,Price
2023/4/23,0.703188786,27591.38477
2023/4/24,0.787985046,27525.33984
2023/4/25,0.752080958,28307.59766
2023/4/26,0.751006939,28422.70117
2023/4/27,0.683088958,29473.78711
2023/4/28,0.874278069,29340.26172
2023/4/29,0.540106806,29248.48828
2023/5/2,0.271953374,28680.53711
2023/5/5,0.544706404,29534.38477
2023/5/7,0.719349742,28454.97852
2023/5/8,0.324817717,27694.27344
2023/7/25,0.820556612,29227.39063
2023/7/26,0.831488907,29354.97266
2023/7/28,0.551404119,29319.24609
2023/8/15,0.616680228,29170.34766
2023/8/16,0.674947618,28701.7793
2023/8/17,0.73336041,26664.55078
2023/8/26,0.683967526,26008.46289
2023/8/27,0.70790079,26089.69336
2023/8/29,0.717235784,27727.39258
2023/9/1,0.593734682,25800.72461
2023/10/26,0.611542111,34156.64844
2023/10/27,0.66575261,33909.80078
2023/10/31,0.700514613,34667.78125
2023/11/1,0.744019228,35437.25391
2023/11/2,0.798333985,34938.24219
2023/11/3,0.639889757,34732.32422
2023/11/4,0.999997735,35082.19531
2023/11/28,0.71075744,37831.08594
2023/11/29,0.813128455,37858.49219
2023/11/30,0.773801118,37712.74609
2023/12/1,,38688.75
2023/12/2,0.872275233,39476.33203
2023/12/4,0.682219504,41980.09766
2023/12/5,0.708901402,44080.64844
2023/12/6,0.662291164,43746.44531
2023/12/7,0.693881325,43292.66406
2023/12/8,0.754614508,44166.60156
2023/12/9,0.755820045,43725.98438
2023/12/11,0.454956144,41243.83203
2023/12/19,0.718984902,42270.52734
2023/12/22,0.868158281,43997.90234
2023/12/27,0.439973831,43442.85547
2023/12/28,0.852093101,42627.85547
2024/1/7,0.713576801,43943.09766
2024/1/8,0.611726176,46970.50391
2024/1/10,0.595535988,46627.77734
2024/1/11,0.497388695,46368.58594
2024/1/12,0.58123519,42853.16797
2024/1/13,0.653500882,42842.38281
2024/1/14,0.719982014,41796.26953
2024/1/15,0.622192337,42511.96875
2024/1/16,0.557993154,43154.94531
2024/1/17,0.646279007,42742.65234
2024/1/19,0.739223118,41618.40625
2024/1/20,0.727067836,41665.58594
2024/1/21,0.636440921,41545.78516
2024/1/22,0.668219013,39507.36719
2024/1/23,0.649798559,39845.55078
2024/1/24,0.769168922,40077.07422
2024/1/25,0.652670495,39933.80859
2024/1/26,0.652239347,41816.87109
2024/1/27,0.824126384,42120.05469
2024/1/28,0.689647863,42035.59375
2024/1/29,0.77702382,43288.24609
2024/1/30,0.78621383,42952.60938
2024/2/7,0.710609634,44318.22266
2024/2/8,0.626600661,45301.56641
2024/2/9,0.648821172,47147.19922
2024/2/10,0.653466255,47771.27734
2024/2/11,0.552030168,48293.91797
2024/2/12,0.913173914,49958.22266
2024/2/13,0.666509627,49742.44141
2024/2/14,0.686943644,51826.69531
2024/2/15,0.656451833,51938.55469
2024/2/16,0.696054101,52160.20313
2024/2/17,0.631805137,51662.99609
2024/2/20,0.700224757,52284.875
2024/2/22,0.425896794,51304.97266
2024/2/26,0.726778626,54522.40234
2024/2/28,0.721199436,62504.78906
2024/2/29,0.701536872,61198.38281
2024/3/1,0.685827994,62440.63281
2024/3/2,0.941327184,62029.84766
2024/3/3,0.645061612,63167.37109
2024/3/4,0.696730149,68330.41406
2024/3/5,0.727354115,63801.19922
2024/3/6,0.622158649,66106.80469
2024/3/7,0.587009421,66925.48438
2024/3/8,0.548426132,68300.09375
2024/3/9,0.624951851,68498.88281
2024/3/10,0.69036091,69019.78906
2024/3/11,0.867463827,72123.90625
2024/3/12,0.527128428,71481.28906
2024/3/13,0.6969132,73083.5
2024/3/14,0.768617798,71396.59375
2024/3/15,0.74354591,69403.77344
2024/3/16,0.616758605,65315.11719
2024/3/17,0.647561657,68390.625
2024/3/18,0.615685048,67548.59375
2024/3/20,0.629969309,67913.67188
2024/3/21,0.671526685,65491.39063
2024/3/22,0.985917151,63778.76172
2024/3/24,0.795994759,67234.17188
2024/3/25,0.72760424,69958.8125
2024/3/27,0.619556451,69455.34375
2024/3/28,0.671795521,70744.95313
2024/3/29,0.646865427,69892.82813
2024/3/31,0.918563545,71333.64844
2024/4/1,0.693792456,69702.14844
2024/4/2,0.732137893,65446.97266
2024/4/3,0.663971331,65980.8125
2024/4/4,0.337869428,68508.84375
2024/4/5,0.566808552,67837.64063
2024/4/6,0.66752106,68896.10938
2024/4/9,0.835956752,69139.01563
2024/4/11,0.303287562,70060.60938
2024/4/13,0.699571837,63821.47266
2024/4/14,0.645100615,65738.72656
2024/4/15,0.681043607,63426.21094
2024/4/17,0.73952932,61276.69141
2024/4/18,0.693875496,63512.75391
2024/4/19,0.784668611,63843.57031
2024/4/20,0.529605108,64994.44141
2024/4/21,0.691210218,64926.64453
2024/4/22,0.726406102,66837.67969
2024/4/23,0.762635116,66407.27344
2024/4/24,0.765428081,64276.89844
2024/4/25,0.756583336,64481.70703
2024/4/26,0.791800905,63755.32031
2024/4/28,0.85879004,63113.23047
2024/4/29,0.614028811,63841.12109
2024/4/30,0.760417671,60636.85547
2024/5/1,0.767168105,58254.01172
2024/5/3,0.609390318,62889.83594
2024/5/8,0.78195608,61187.94141
2024/5/9,0.753091814,63049.96094
2024/5/10,0.709738938,60792.77734
2024/5/11,0.965792477,60793.71094
2024/5/12,0.820903103,61448.39453
2024/5/13,0.755862445,62901.44922
2024/5/19,0.6040289,66278.36719
2024/5/20,0.647721277,71448.19531
2024/5/21,0.567021309,70136.53125
2024/5/22,0.874629498,69122.33594
2024/5/29,0.64516238,67578.09375
2024/5/30,0.658808378,68364.99219
2024/5/31,0.720021736,67491.41406
2024/6/2,0.686872499,67751.60156
2024/6/3,0.70426285,68804.78125
2024/6/4,0.537314266,70567.76563
2024/6/5,0.678591251,71082.82031
2024/6/6,0.534555078,70757.16406
2024/6/7,0.359783648,69342.58594
2024/6/8,0.303287562,69305.77344
2024/6/11,0.606919169,67332.03125
2024/6/14,0.551045805,66011.09375
2024/6/18,0.534555078,65140.74609
2024/6/21,0.578797102,64096.19922
2024/6/27,0.720057612,61604.80078
2024/6/28,0.621298211,60320.13672
2024/6/29,0.557558537,60887.37891
2024/6/30,0.673538089,62678.29297
2024/7/1,0.822242454,62851.98047
2024/7/4,0.649826579,56977.70313
2024/7/5,0.764407869,56662.375
2024/7/6,0.748029539,58303.53906
2024/7/7,0.758795304,55849.10938
2024/7/8,0.678292533,56705.09766
2024/7/9,0.567651621,58009.22656
2024/7/10,0.385351495,57742.49609
2024/7/22,0.38126412,67585.25
2024/7/24,0.918141901,65372.13281
2024/8/15,0.708566125,57560.09766
2024/8/16,0.637352678,58894.10547
2024/8/17,0.524866909,59478.97266
2024/8/23,0.762326307,64094.35547
2024/8/24,0.525324133,64178.99219
2024/8/25,0.75674676,64333.54297
2024/8/26,0.931193411,62880.66016
2024/8/27,0.723612631,59504.13281
2024/9/4,0.600713432,57971.53906
2024/9/12,0.612482429,58127.01172
2024/9/19,0.595076009,62940.45703
2024/9/20,0.693993348,63192.97656
2024/9/21,0.60807808,63394.83984
2024/9/22,0.60895591,63648.71094
2024/9/23,0.65634768,63329.80078
2024/9/24,0.681464575,64301.96875
2024/9/25,0.672927439,63143.14453
2024/9/26,0.623797089,65181.01953
2024/9/28,0.724750687,65887.64844
2024/9/29,0.645697009,65635.30469
2024/9/30,0.686341579,63329.5
2024/10/1,0.52617532,60837.00781
2024/10/2,0.345106423,60632.78516
2024/10/4,0.845578323,62067.47656
2024/10/5,0.657694665,62089.94922
2024/10/6,0.687153442,62818.95313
2024/10/7,0.665690967,62236.66016
2024/10/8,0.788985133,62131.96875
2024/10/9,0.684383839,60582.10156
2024/10/14,0.714477285,66046.125
2024/10/15,0.702292303,67041.10938
2024/10/16,0.510121871,67612.71875
2024/10/17,0.633771133,67399.83594
2024/10/18,0.637718201,68418.78906
2024/10/19,0.70816244,68362.73438
2024/10/20,0.656118625,69001.70313
2024/10/21,0.756059719,67367.85156
2024/10/22,0.751166744,67361.40625
2024/10/23,0.68105031,66432.19531
2024/10/24,0.761709191,68161.05469
2024/10/25,0.650616818,66642.41406
2024/10/26,0.783965442,67014.69531
2024/10/27,0.54168669,67929.29688
2024/10/28,0.741594739,69907.75781
2024/10/29,0.669225101,72720.49219
2024/10/30,0.713454435,72339.53906
2024/10/31,0.579865649,70215.1875
2024/11/1,0.685413834,69482.46875
2024/11/2,0.620369814,69289.27344
2024/11/3,0.723788425,68741.11719
2024/11/4,0.686125865,67811.50781
2024/11/5,0.660165177,69359.5625
2024/11/6,0.656676438,75639.07813
2024/11/7,0.614058737,75904.85938
2024/11/8,0.835007593,76545.47656
2024/11/9,0.734726265,76778.86719
2024/11/10,0.627153436,80474.1875
2024/11/11,0.652082049,88701.48438
2024/11/12,0.611367337,87955.8125
2024/11/13,0.686036647,90584.16406
2024/11/14,0.662799165,87250.42969
2024/11/15,0.678962141,91066.00781
2024/11/16,0.576622408,90558.47656
2024/11/17,0.671584131,89845.85156
2024/11/18,0.657819035,90542.64063
2024/11/19,0.614497188,92343.78906
2024/11/20,0.654027911,94339.49219
2024/11/21,0.647811339,98504.72656
2024/11/22,0.622513894,98997.66406
2024/11/23,0.640636178,97777.28125
2024/11/24,0.639789636,98013.82031
2024/11/25,0.650916639,93102.29688
2024/11/26,0.73696929,91985.32031
2024/11/27,0.453675531,95962.53125
2024/11/28,0.607124017,95652.46875
2024/11/29,0.634103345,97461.52344
2024/11/30,0.661897459,96449.05469
2024/12/1,0.709356677,97279.78906
2024/12/2,0.725383581,95865.30469
2024/12/3,0.633649865,96002.16406
2024/12/4,0.690358527,98768.53125
2024/12/5,0.665623619,96593.57031
2024/12/6,0.574489965,99920.71094
2024/12/7,0.614204465,99923.33594
2024/12/8,0.723970538,101236.0156
2024/12/9,0.709794793,97432.71875
2024/12/10,0.611118537,96675.42969
2024/12/11,0.656930623,101173.0313
2024/12/12,0.660003826,100043
2024/12/13,0.667700462,101459.2578
2024/12/14,0.519221502,101372.9688
2024/12/15,0.850888914,104298.6953
2024/12/16,0.659859321,106029.7188
2024/12/17,0.7054118,106140.6016
2024/12/18,0.672394402,100041.5391
2024/12/19,0.681464881,97490.95313
2024/12/20,0.628913169,97755.92969
2024/12/21,0.617753134,97224.72656
2024/12/22,0.688204307,95104.9375
2024/12/23,0.713342767,94686.24219
2024/12/24,0.673165087,98676.09375
2024/12/25,0.760416907,99299.19531
2024/12/26,0.511548801,95795.51563
2024/12/27,0.758388948,94164.85938
2024/12/28,0.659900184,95163.92969
2024/12/29,0.587163376,93530.22656
2024/12/30,0.69765951,92643.21094
2024/12/31,0.637266256,93429.20313
2025/1/1,0.793089104,94419.75781
2025/1/2,0.71285686,96886.875
2025/1/3,0.637219176,98107.42969
2025/1/4,0.83470997,98236.22656
2025/1/5,0.604212135,98314.96094
2025/1/6,0.769985432,102078.0859
2025/1/7,0.737414868,96922.70313
2025/1/8,0.644706879,95043.52344
2025/1/9,0.654413568,92484.03906
2025/1/10,0.764217797,94701.45313
2025/1/11,0.441287613,94566.59375
2025/1/12,0.614751442,94488.4375
2025/1/13,0.667517411,94516.52344
2025/1/14,0.579427238,96534.04688
2025/1/15,0.583351939,100504.4922
2025/1/16,0.694872195,99756.90625
2025/1/18,0.652583748,104408.0703
2025/1/19,0.582465933,101089.6094
2025/1/20,0.725750479,102016.6641
2025/1/21,0.514580706,106146.2656
2025/1/22,0.62175496,103653.0703
2025/1/23,0.639441216,103960.1719
2025/1/24,0.743736622,104819.4844
2025/1/25,0.67147717,104714.6484
2025/1/26,0.701751044,102682.5
2025/1/27,0.580930216,102087.6875
2025/1/28,0.611184699,101332.4766
2025/1/29,0.645629007,103703.2109
2025/1/30,0.674736621,104735.3047
2025/1/31,0.699574776,102405.0234
2025/2/1,0.59593066,100655.9063
2025/2/2,0.635050143,97688.97656
2025/2/3,0.628873238,101405.4219
2025/2/4,0.665835374,97871.82031
2025/2/5,0.654475473,96615.44531
2025/2/6,0.686660573,96593.29688
2025/2/7,0.689272106,96529.08594
2025/2/8,0.694290064,96482.45313
2025/2/9,0.666366271,96500.09375
2025/2/10,0.765669707,97437.55469
2025/2/11,0.56143811,95747.42969
2025/2/12,0.94052121,97885.85938
2025/2/13,0.759245746,96623.86719
2025/2/14,0.404524654,97508.96875
2025/2/15,0.401697037,97580.35156
2025/2/16,0.771276258,96175.03125
2025/2/17,0.677999897,95773.38281
2025/2/18,0.736333953,95539.54688
2025/2/19,0.688363653,96635.60938
2025/2/20,0.586744377,98333.9375
2025/2/21,0.668055852,96125.54688
2025/2/22,0.682515993,96577.75781
2025/2/23,0.628876645,96273.92188
2025/2/24,0.635849239,91418.17188
2025/2/25,0.581322704,88736.17188
2025/2/26,0.61315206,84347.02344
2025/2/27,0.707163318,84704.22656
2025/2/28,0.736134345,84373.00781
2025/3/1,0.643528954,86031.91406
2025/3/2,0.608448508,94248.35156
2025/3/3,0.679067477,86065.67188
2025/3/4,0.474093397,87222.19531
2025/3/5,0.662089101,90623.5625
2025/3/6,0.755093002,89961.72656
2025/3/7,0.609928,86742.67188
2025/3/8,0.566255781,86154.59375
2025/3/9,0.641202519,80601.03906
2025/3/10,0.684752773,78532
2025/3/11,0.703174002,82862.21094
2025/3/12,0.742002215,83722.35938
2025/3/13,0.720363599,81066.70313
2025/3/14,0.726082078,83969.10156
2025/3/15,0.67564325,84343.10938
2025/3/16,0.657524724,82579.6875
2025/3/17,0.759698222,84075.6875
2025/3/18,0.669620271,82718.5
2025/3/19,0.693081856,86854.22656
2025/3/20,0.969907165,84167.19531
2025/3/21,0.683000969,84043.24219
2025/3/22,0.635832594,83832.48438
2025/3/23,0.62665625,86054.375
2025/3/24,0.625716462,87498.91406
2025/3/25,0.643219315,87471.70313
2025/3/26,0.743733899,86900.88281
2025/3/27,0.800437389,87177.10156
2025/3/28,0.742532259,84353.14844
2025/3/29,0.619739008,82597.58594
2025/3/30,0.565675637,82334.52344
2025/3/31,0.622781125,82548.91406
2025/4/1,0.664895909,85169.17188
2025/4/2,0.633786044,82485.71094
2025/4/3,0.782808268,83102.82813
2025/4/4,0.747472918,83843.80469
2025/4/5,0.515069296,83504.79688
2025/4/6,0.62389278,78214.48438
2025/4/7,0.667605496,79235.33594
2025/4/8,0.568799057,76271.95313
2025/4/9,0.618869781,82573.95313
2025/4/10,0.634382504,79626.14063
2025/4/11,0.619319571,81303.82031
